{
  "passive_best_loss": 0.030308412434966164,
  "codesign_best_loss": 0.01613590672985799,
  "improvement_pct": 46.760963595564846,
  "passive_history": [
    0.11578204435101094,
    0.042807615596056385,
    0.0490322090469853,
    0.05060313537579508,
    0.04211906882390871,
    0.03945774400475333,
    0.042598792602621456,
    0.04230376074129957,
    0.041058334321209485,
    0.04059850114830217,
    0.03969938150641374,
    0.039401391696566375,
    0.039452766061690715,
    0.039375155074501365,
    0.03914080252885086,
    0.0399511902774179,
    0.040582643655515734,
    0.0404475636264651,
    0.038885413377018646,
    0.03864639008009882,
    0.039234085032610215,
    0.03905649022443106,
    0.038692498907846304,
    0.03787295224594803,
    0.03877457517176311,
    0.03857068864730549,
    0.03758292916587461,
    0.03801295678153128,
    0.03796183411261408,
    0.03777695406050162,
    0.037334636173725795,
    0.038393489526544027,
    0.03777335567673526,
    0.03893283298147323,
    0.03825089774121864,
    0.03738658255079175,
    0.03677181778278731,
    0.03860508485846206,
    0.038244811442657,
    0.03857513741978534,
    0.03743855647488357,
    0.03824021374412803,
    0.03726642559464732,
    0.036554242183409996,
    0.0364229141070977,
    0.03613375102960206,
    0.03527676458055884,
    0.03509104875786101,
    0.03409972932034256,
    0.03387900505263583,
    0.03337139414755058,
    0.03382108931874512,
    0.03274955521747324,
    0.0335982962802448,
    0.03348106190816202,
    0.0325666189863835,
    0.033040497434977334,
    0.03250227084473835,
    0.03454050420734257,
    0.03279187407980291,
    0.032942007375554735,
    0.03253707547498504,
    0.03259079763458495,
    0.032517420513832024,
    0.0326545685348523,
    0.03267703798617915,
    0.032431960753463315,
    0.03215620541715509,
    0.03243538752658369,
    0.03218028187920245,
    0.03156190210203829,
    0.0351620059187655,
    0.03438150835557623,
    0.03273982971831617,
    0.03352374002951655,
    0.032641801363038056,
    0.03266775854669784,
    0.032152850641908384,
    0.03246731996996254,
    0.03542532111362114,
    0.03206311905975779,
    0.032793099175158255,
    0.034211880299524725,
    0.03285773414002306,
    0.032267439924425,
    0.03255805588577829,
    0.03510504291757566,
    0.03127890670102837,
    0.033741767670604446,
    0.03304107665270341,
    0.03271373804169495,
    0.03209298433711111,
    0.0322245021217271,
    0.03347371009727004,
    0.03236609944243467,
    0.0338712103026558,
    0.03251487808558808,
    0.03205073542643593,
    0.03652419200781043,
    0.03234860544929011,
    0.032180944789667744,
    0.03282042652035549,
    0.03410222311692025,
    0.03173467509422726,
    0.03213399667782759,
    0.03203786024881494,
    0.03196694747938931,
    0.03178074033202059,
    0.032420638217357564,
    0.031926017314227235,
    0.0315704377667969,
    0.03203842541336291,
    0.03256805236926907,
    0.0318525610337671,
    0.0322783201437945,
    0.0314848561037637,
    0.032354227052657086,
    0.03188308118828526,
    0.032247006207643245,
    0.031522299188683066,
    0.033130549362709545,
    0.03197264644832633,
    0.033924445606142856,
    0.03128235770664123,
    0.03115501103482238,
    0.03387610801490832,
    0.03155594347524015,
    0.03105562914507779,
    0.031111461216438513,
    0.03145482743723036,
    0.03136882156578417,
    0.031083374339791234,
    0.03132289394867913,
    0.031100403748363755,
    0.03125443137642579,
    0.03255566156848002,
    0.03100301170828826,
    0.031222502386371736,
    0.030757904699056544,
    0.031001594773099012,
    0.031116452935785546,
    0.03116933670348636,
    0.03141244767421087,
    0.03326347911669206,
    0.03118910670105055,
    0.0314459255365052,
    0.03104574297059052,
    0.03405606393454001,
    0.031303327689003034,
    0.03120770202135156,
    0.031171156443461134,
    0.03125339893811607,
    0.0311186129792253,
    0.031250920901946914,
    0.03106761219734556,
    0.03090164491454641,
    0.030790873367700988,
    0.030841841028072466,
    0.030802570615636744,
    0.03081893182028212,
    0.030568915530076023,
    0.030553158086213183,
    0.030575661775345923,
    0.03080705194780366,
    0.030787013660826472,
    0.03081671956181749,
    0.0310905631769319,
    0.03045839877093144,
    0.031028143358624107,
    0.031042371150213997,
    0.031056114707325017,
    0.03103341802699858,
    0.031006800979901314,
    0.030714043247584057,
    0.030414275235663042,
    0.030497610220929564,
    0.030461096590819203,
    0.031005072857236474,
    0.030743588106340244,
    0.03046721195941317,
    0.030449008126331154,
    0.030689620531852646,
    0.030856418217023257,
    0.0310146361239382,
    0.03079903116388031,
    0.031150991509415304,
    0.030556035252325645,
    0.030889953099393005,
    0.0310627908006715,
    0.031041747203799566,
    0.03103470435353242,
    0.03073531245858316,
    0.03042667684633432,
    0.030647453151873408,
    0.03038327889096796,
    0.030355747439166334,
    0.03277372872751001,
    0.030695189610329333,
    0.030370201118604036,
    0.03038039785893764,
    0.030393866964931866,
    0.030903989131249074,
    0.03038302898795115,
    0.030681009468565883,
    0.030913762351464116,
    0.030356642737204082,
    0.03090431195301445,
    0.03087267322980996,
    0.03062269516289223,
    0.030874378440383446,
    0.030902903663002135,
    0.030600707586830256,
    0.030592855351655963,
    0.030587896694068285,
    0.030338705194712937,
    0.03066220693276496,
    0.030324148511207398,
    0.03031449509535961,
    0.030308412434966164,
    0.030641533601669907,
    0.030590229099328087,
    0.032803130816948724,
    0.03063513263498926,
    0.03035358601588779,
    0.03242050567354556,
    0.03066205979648903,
    0.03046994724649427,
    0.03093183508613475,
    0.030535208227621465,
    0.03081718261096848,
    0.03072963783496226,
    0.03090131360178457,
    0.030411742946900903,
    0.030393331010107053,
    0.030376998573354214,
    0.03038744660054327,
    0.03039671404558799,
    0.03038989413365254,
    0.030690062807234623,
    0.030363075321200493,
    0.03035445269140515,
    0.030359976724548692,
    0.03064545527209343,
    0.03060816594247931,
    0.032259375898717316,
    0.030947656632115177,
    0.030978382448228172,
    0.03096188918516134,
    0.030444853574667904,
    0.030668523165825756,
    0.030666782389997056,
    0.03037578919446222,
    0.030366613679858403,
    0.03038315400787255,
    0.03085807565705653,
    0.030865980406952535,
    0.03084542256294676,
    0.03083903211766822,
    0.030328829057912204,
    0.030319694087293417,
    0.030811471313143476,
    0.030826080754817017,
    0.0326212042285141,
    0.0306817225600407,
    0.030849705112323524,
    0.03084985673253536,
    0.030740092574253485,
    0.030826337237198333,
    0.030417630464512912,
    0.03036214903234055,
    0.03075381875626556,
    0.030725007303268204,
    0.030814990583002636,
    0.030818387026123474,
    0.030799415279858047,
    0.03035980962284901,
    0.030721594129029337,
    0.030768304226552384,
    0.030780824902913763,
    0.030675083178569887,
    0.030679163382555642,
    0.030678216408829288,
    0.03067717514977851,
    0.03205042470110481,
    0.030659987661034626,
    0.030610135768764566,
    0.030605705575871455,
    0.03066001715765415,
    0.030781826201307427,
    0.030649744276397786,
    0.030373720790515226,
    0.030360209609737676,
    0.030716680104671365,
    0.030656407283016544,
    0.030411213414254047,
    0.030645510031762496,
    0.030620378481810817,
    0.030578610391230308,
    0.030611111982984773,
    0.032455573682582
  ],