{
  "n_samples": 4096,
  "best": 0.07502084934221193,
  "mean": 0.21206290791827703,
  "median": 0.18971563856917564,
  "std": 0.08778461998076517,
  "p10": 0.13144102771260419,
  "p90": 0.3161169608485777,
  "worst": 0.9704219460741247,
  "mode": "strings",
  "distribution": "wide",
  "seed": 0,
  "elapsed_s": 555.6087918281555,
  "target_pitches_hz": [
    196.0,
    293.7,
    440.0,
    659.3
  ],
  "target_width_hz": 40.0,
  "n_harmonics": 6
}