{
  "n_samples": 4096,
  "best": 0.058662805736301164,
  "mean": 0.17285486104899395,
  "median": 0.16212880439323435,
  "std": 0.08178599488391244,
  "p10": 0.08631696835069451,
  "p90": 0.2790005466405839,
  "worst": 0.8856315819681706,
  "mode": "lqr",
  "distribution": "wide",
  "seed": 0,
  "elapsed_s": 551.3946421146393,
  "target_centers_hz": [
    280.0,
    470.0,
    530.0
  ],
  "target_widths_hz": [
    40.0,
    20.0,
    20.0
  ]
}